{
  "all_cells": [
    0.0048828125,
    0.0625,
    0.0625,
    0.0634765625,
    0.0634765625,
    0.0986328125,
    0.0986328125,
    0.615234375,
    0.615234375,
    0.615234375,
    0.0849609375,
    0.0849609375,
    0.0478515625,
    0.0478515625,
    0.0224609375
  ],
  "all_cells_hex": [
    "0x1.4000000000000p-8",
    "0x1.0000000000000p-4",
    "0x1.0000000000000p-4",
    "0x1.0400000000000p-4",
    "0x1.0400000000000p-4",
    "0x1.9400000000000p-4",
    "0x1.9400000000000p-4",
    "0x1.3b00000000000p-1",
    "0x1.3b00000000000p-1",
    "0x1.3b00000000000p-1",
    "0x1.5c00000000000p-4",
    "0x1.5c00000000000p-4",
    "0x1.8800000000000p-5",
    "0x1.8800000000000p-5",
    "0x1.7000000000000p-6"
  ],
  "top_dimensional_cells": [
    0.0625,
    0.0634765625,
    0.0986328125,
    0.615234375,
    0.615234375,
    0.0849609375,
    0.0478515625
  ],
  "top_dimensional_cells_hex": [
    "0x1.0000000000000p-4",
    "0x1.0400000000000p-4",
    "0x1.9400000000000p-4",
    "0x1.3b00000000000p-1",
    "0x1.3b00000000000p-1",
    "0x1.5c00000000000p-4",
    "0x1.8800000000000p-5"
  ],
  "vertices": [
    0.0048828125,
    0.0625,
    0.0634765625,
    0.0986328125,
    0.615234375,
    0.0849609375,
    0.0478515625,
    0.0224609375
  ],
  "vertices_hex": [
    "0x1.4000000000000p-8",
    "0x1.0000000000000p-4",
    "0x1.0400000000000p-4",
    "0x1.9400000000000p-4",
    "0x1.3b00000000000p-1",
    "0x1.5c00000000000p-4",
    "0x1.8800000000000p-5",
    "0x1.7000000000000p-6"
  ]
}