{
  "all_cells": [
    0.06205608111334001,
    0.26594879215119677,
    0.26594879215119677,
    0.472688376693654,
    0.472688376693654,
    0.472688376693654,
    0.11249983417278343,
    0.11249983417278343,
    0.007530373388471043,
    0.03134604672430729,
    0.03134604672430729,
    0.03134604672430729,
    0.029146507165416183,
    0.029146507165416183,
    0.01878398859083121
  ],
  "all_cells_hex": [
    "0x1.fc5d08dcca7ebp-5",
    "0x1.1054e152cce4dp-2",
    "0x1.1054e152cce4dp-2",
    "0x1.e4086bfc64f03p-2",
    "0x1.e4086bfc64f03p-2",
    "0x1.e4086bfc64f03p-2",
    "0x1.cccca0493d8e1p-4",
    "0x1.cccca0493d8e1p-4",
    "0x1.ed82b36e1e6e3p-8",
    "0x1.00c96cb145f0fp-5",
    "0x1.00c96cb145f0fp-5",
    "0x1.00c96cb145f0fp-5",
    "0x1.dd894fc45b9f4p-6",
    "0x1.dd894fc45b9f4p-6",
    "0x1.33c1c22be85c5p-6"
  ],
  "top_dimensional_cells": [
    0.26594879215119677,
    0.472688376693654,
    0.472688376693654,
    0.11249983417278343,
    0.03134604672430729,
    0.03134604672430729,
    0.029146507165416183
  ],
  "top_dimensional_cells_hex": [
    "0x1.1054e152cce4dp-2",
    "0x1.e4086bfc64f03p-2",
    "0x1.e4086bfc64f03p-2",
    "0x1.cccca0493d8e1p-4",
    "0x1.00c96cb145f0fp-5",
    "0x1.00c96cb145f0fp-5",
    "0x1.dd894fc45b9f4p-6"
  ],
  "vertices": [
    0.06205608111334001,
    0.26594879215119677,
    0.472688376693654,
    0.11249983417278343,
    0.007530373388471043,
    0.03134604672430729,
    0.029146507165416183,
    0.01878398859083121
  ],
  "vertices_hex": [
    "0x1.fc5d08dcca7ebp-5",
    "0x1.1054e152cce4dp-2",
    "0x1.e4086bfc64f03p-2",
    "0x1.cccca0493d8e1p-4",
    "0x1.ed82b36e1e6e3p-8",
    "0x1.00c96cb145f0fp-5",
    "0x1.dd894fc45b9f4p-6",
    "0x1.33c1c22be85c5p-6"
  ]
}