{
  "all_cells": [
    0.0625,
    0.265625,
    0.265625,
    0.47265625,
    0.47265625,
    0.47265625,
    0.1123046875,
    0.1123046875,
    0.0078125,
    0.03125,
    0.03125,
    0.03125,
    0.029296875,
    0.029296875,
    0.0185546875
  ],
  "all_cells_hex": [
    "0x1.0000000000000p-4",
    "0x1.1000000000000p-2",
    "0x1.1000000000000p-2",
    "0x1.e400000000000p-2",
    "0x1.e400000000000p-2",
    "0x1.e400000000000p-2",
    "0x1.cc00000000000p-4",
    "0x1.cc00000000000p-4",
    "0x1.0000000000000p-7",
    "0x1.0000000000000p-5",
    "0x1.0000000000000p-5",
    "0x1.0000000000000p-5",
    "0x1.e000000000000p-6",
    "0x1.e000000000000p-6",
    "0x1.3000000000000p-6"
  ],
  "top_dimensional_cells": [
    0.265625,
    0.47265625,
    0.47265625,
    0.1123046875,
    0.03125,
    0.03125,
    0.029296875
  ],
  "top_dimensional_cells_hex": [
    "0x1.1000000000000p-2",
    "0x1.e400000000000p-2",
    "0x1.e400000000000p-2",
    "0x1.cc00000000000p-4",
    "0x1.0000000000000p-5",
    "0x1.0000000000000p-5",
    "0x1.e000000000000p-6"
  ],
  "vertices": [
    0.0625,
    0.265625,
    0.47265625,
    0.1123046875,
    0.0078125,
    0.03125,
    0.029296875,
    0.0185546875
  ],
  "vertices_hex": [
    "0x1.0000000000000p-4",
    "0x1.1000000000000p-2",
    "0x1.e400000000000p-2",
    "0x1.cc00000000000p-4",
    "0x1.0000000000000p-7",
    "0x1.0000000000000p-5",
    "0x1.e000000000000p-6",
    "0x1.3000000000000p-6"
  ]
}