{
  "all_cells": [
    0.004451302085757266,
    0.06292927498995216,
    0.06292927498995216,
    0.0631959887100773,
    0.0631959887100773,
    0.09888114894054817,
    0.09888114894054817,
    0.6155114860691003,
    0.6155114860691003,
    0.6155114860691003,
    0.08465816459599482,
    0.08465816459599482,
    0.04761887146376113,
    0.04761887146376113,
    0.022753763144808897
  ],
  "all_cells_hex": [
    "0x1.23b874e2089efp-8",
    "0x1.01c220a0af740p-4",
    "0x1.01c220a0af740p-4",
    "0x1.02d9cc0bf87e3p-4",
    "0x1.02d9cc0bf87e3p-4",
    "0x1.9504664e3fbb4p-4",
    "0x1.9504664e3fbb4p-4",
    "0x1.3b24524df5529p-1",
    "0x1.3b24524df5529p-1",
    "0x1.3b24524df5529p-1",
    "0x1.5ac2850477886p-4",
    "0x1.5ac2850477886p-4",
    "0x1.861802f37f3c5p-5",
    "0x1.861802f37f3c5p-5",
    "0x1.74cc332458378p-6"
  ],
  "top_dimensional_cells": [
    0.06292927498995216,
    0.0631959887100773,
    0.09888114894054817,
    0.6155114860691003,
    0.6155114860691003,
    0.08465816459599482,
    0.04761887146376113
  ],
  "top_dimensional_cells_hex": [
    "0x1.01c220a0af740p-4",
    "0x1.02d9cc0bf87e3p-4",
    "0x1.9504664e3fbb4p-4",
    "0x1.3b24524df5529p-1",
    "0x1.3b24524df5529p-1",
    "0x1.5ac2850477886p-4",
    "0x1.861802f37f3c5p-5"
  ],
  "vertices": [
    0.004451302085757266,
    0.06292927498995216,
    0.0631959887100773,
    0.09888114894054817,
    0.6155114860691003,
    0.08465816459599482,
    0.04761887146376113,
    0.022753763144808897
  ],
  "vertices_hex": [
    "0x1.23b874e2089efp-8",
    "0x1.01c220a0af740p-4",
    "0x1.02d9cc0bf87e3p-4",
    "0x1.9504664e3fbb4p-4",
    "0x1.3b24524df5529p-1",
    "0x1.5ac2850477886p-4",
    "0x1.861802f37f3c5p-5",
    "0x1.74cc332458378p-6"
  ]
}