{
  "all_cells": [
    0.875,
    0.875,
    0.25,
    0.75,
    0.75,
    0.75,
    0.125,
    0.625,
    0.625,
    0.625,
    0.375,
    1.0,
    1.0
  ],
  "all_cells_hex": [
    "0x1.c000000000000p-1",
    "0x1.c000000000000p-1",
    "0x1.0000000000000p-2",
    "0x1.8000000000000p-1",
    "0x1.8000000000000p-1",
    "0x1.8000000000000p-1",
    "0x1.0000000000000p-3",
    "0x1.4000000000000p-1",
    "0x1.4000000000000p-1",
    "0x1.4000000000000p-1",
    "0x1.8000000000000p-2",
    "0x1.0000000000000p+0",
    "0x1.0000000000000p+0"
  ],
  "top_dimensional_cells": [
    0.875,
    0.75,
    0.75,
    0.625,
    0.625,
    1.0
  ],
  "top_dimensional_cells_hex": [
    "0x1.c000000000000p-1",
    "0x1.8000000000000p-1",
    "0x1.8000000000000p-1",
    "0x1.4000000000000p-1",
    "0x1.4000000000000p-1",
    "0x1.0000000000000p+0"
  ],
  "vertices": [
    0.875,
    0.25,
    0.75,
    0.125,
    0.625,
    0.375,
    1.0
  ],
  "vertices_hex": [
    "0x1.c000000000000p-1",
    "0x1.0000000000000p-2",
    "0x1.8000000000000p-1",
    "0x1.0000000000000p-3",
    "0x1.4000000000000p-1",
    "0x1.8000000000000p-2",
    "0x1.0000000000000p+0"
  ]
}