{
  "all_cells": [
    0.75,
    0.75,
    0.125,
    0.875,
    0.875
  ],
  "all_cells_hex": [
    "0x1.8000000000000p-1",
    "0x1.8000000000000p-1",
    "0x1.0000000000000p-3",
    "0x1.c000000000000p-1",
    "0x1.c000000000000p-1"
  ],
  "top_dimensional_cells": [
    0.75,
    0.875
  ],
  "top_dimensional_cells_hex": [
    "0x1.8000000000000p-1",
    "0x1.c000000000000p-1"
  ],
  "vertices": [
    0.75,
    0.125,
    0.875
  ],
  "vertices_hex": [
    "0x1.8000000000000p-1",
    "0x1.0000000000000p-3",
    "0x1.c000000000000p-1"
  ]
}