label,probe_value,probe_value_hex,gudhi,ripser,dionysus,all_equal,critical_value,critical_value_hex
below_min,0.12499999999999999,0x1.fffffffffffffp-4,0,0,0,True,,
after_0x1.0000000000000p-3,0.12500000000000003,0x1.0000000000001p-3,1,1,1,True,0.125,0x1.0000000000000p-3
after_0x1.8000000000000p-1,0.7500000000000001,0x1.8000000000001p-1,1,1,1,True,0.75,0x1.8000000000000p-1
after_0x1.c000000000000p-1,0.8750000000000001,0x1.c000000000001p-1,1,1,1,True,0.875,0x1.c000000000000p-1
