{
  "all_cells": [
    0.076171875,
    0.076171875,
    0.072265625,
    0.1904296875,
    0.1904296875,
    0.1904296875,
    0.046875,
    0.0751953125,
    0.0751953125,
    0.0751953125,
    0.00390625,
    0.1005859375,
    0.1005859375,
    0.1005859375,
    0.0068359375,
    0.0703125,
    0.0703125,
    0.0703125,
    0.03125,
    0.1708984375,
    0.1708984375,
    0.1708984375,
    0.07421875,
    0.0810546875,
    0.0810546875
  ],
  "all_cells_hex": [
    "0x1.3800000000000p-4",
    "0x1.3800000000000p-4",
    "0x1.2800000000000p-4",
    "0x1.8600000000000p-3",
    "0x1.8600000000000p-3",
    "0x1.8600000000000p-3",
    "0x1.8000000000000p-5",
    "0x1.3400000000000p-4",
    "0x1.3400000000000p-4",
    "0x1.3400000000000p-4",
    "0x1.0000000000000p-8",
    "0x1.9c00000000000p-4",
    "0x1.9c00000000000p-4",
    "0x1.9c00000000000p-4",
    "0x1.c000000000000p-8",
    "0x1.2000000000000p-4",
    "0x1.2000000000000p-4",
    "0x1.2000000000000p-4",
    "0x1.0000000000000p-5",
    "0x1.5e00000000000p-3",
    "0x1.5e00000000000p-3",
    "0x1.5e00000000000p-3",
    "0x1.3000000000000p-4",
    "0x1.4c00000000000p-4",
    "0x1.4c00000000000p-4"
  ],
  "top_dimensional_cells": [
    0.076171875,
    0.1904296875,
    0.1904296875,
    0.0751953125,
    0.0751953125,
    0.1005859375,
    0.1005859375,
    0.0703125,
    0.0703125,
    0.1708984375,
    0.1708984375,
    0.0810546875
  ],
  "top_dimensional_cells_hex": [
    "0x1.3800000000000p-4",
    "0x1.8600000000000p-3",
    "0x1.8600000000000p-3",
    "0x1.3400000000000p-4",
    "0x1.3400000000000p-4",
    "0x1.9c00000000000p-4",
    "0x1.9c00000000000p-4",
    "0x1.2000000000000p-4",
    "0x1.2000000000000p-4",
    "0x1.5e00000000000p-3",
    "0x1.5e00000000000p-3",
    "0x1.4c00000000000p-4"
  ],
  "vertices": [
    0.076171875,
    0.072265625,
    0.1904296875,
    0.046875,
    0.0751953125,
    0.00390625,
    0.1005859375,
    0.0068359375,
    0.0703125,
    0.03125,
    0.1708984375,
    0.07421875,
    0.0810546875
  ],
  "vertices_hex": [
    "0x1.3800000000000p-4",
    "0x1.2800000000000p-4",
    "0x1.8600000000000p-3",
    "0x1.8000000000000p-5",
    "0x1.3400000000000p-4",
    "0x1.0000000000000p-8",
    "0x1.9c00000000000p-4",
    "0x1.c000000000000p-8",
    "0x1.2000000000000p-4",
    "0x1.0000000000000p-5",
    "0x1.5e00000000000p-3",
    "0x1.3000000000000p-4",
    "0x1.4c00000000000p-4"
  ]
}