{
  "all_cells": [
    0.5,
    0.5,
    0.0,
    0.75,
    0.75,
    0.75,
    0.125,
    0.625,
    0.625,
    0.625,
    0.25
  ],
  "all_cells_hex": [
    "0x1.0000000000000p-1",
    "0x1.0000000000000p-1",
    "0x0.0p+0",
    "0x1.8000000000000p-1",
    "0x1.8000000000000p-1",
    "0x1.8000000000000p-1",
    "0x1.0000000000000p-3",
    "0x1.4000000000000p-1",
    "0x1.4000000000000p-1",
    "0x1.4000000000000p-1",
    "0x1.0000000000000p-2"
  ],
  "top_dimensional_cells": [
    0.5,
    0.75,
    0.75,
    0.625,
    0.625
  ],
  "top_dimensional_cells_hex": [
    "0x1.0000000000000p-1",
    "0x1.8000000000000p-1",
    "0x1.8000000000000p-1",
    "0x1.4000000000000p-1",
    "0x1.4000000000000p-1"
  ],
  "vertices": [
    0.5,
    0.0,
    0.75,
    0.125,
    0.625,
    0.25
  ],
  "vertices_hex": [
    "0x1.0000000000000p-1",
    "0x0.0p+0",
    "0x1.8000000000000p-1",
    "0x1.0000000000000p-3",
    "0x1.4000000000000p-1",
    "0x1.0000000000000p-2"
  ]
}