{
  "all_cells": [
    0.07620241946701771,
    0.07620241946701771,
    0.0720742107655548,
    0.1901434695209839,
    0.1901434695209839,
    0.1901434695209839,
    0.04676236508591838,
    0.0754265116853734,
    0.0754265116853734,
    0.0754265116853734,
    0.003645231914456938,
    0.10091623100731077,
    0.10091623100731077,
    0.10091623100731077,
    0.006830262110764648,
    0.07030298835282534,
    0.07030298835282534,
    0.07030298835282534,
    0.03151394200640143,
    0.17126990419214894,
    0.17126990419214894,
    0.17126990419214894,
    0.07390124159433935,
    0.08101122229690463,
    0.08101122229690463
  ],
  "all_cells_hex": [
    "0x1.38200737ca673p-4",
    "0x1.38200737ca673p-4",
    "0x1.273749a1f8173p-4",
    "0x1.8569f0791ff23p-3",
    "0x1.8569f0791ff23p-3",
    "0x1.8569f0791ff23p-3",
    "0x1.7f13c99748c23p-5",
    "0x1.34f26e0f0a680p-4",
    "0x1.34f26e0f0a680p-4",
    "0x1.34f26e0f0a680p-4",
    "0x1.ddc9afb7c569dp-9",
    "0x1.9d5a567cfddfbp-4",
    "0x1.9d5a567cfddfbp-4",
    "0x1.9d5a567cfddfbp-4",
    "0x1.bfa0c8638b27cp-8",
    "0x1.1ff606bc95508p-4",
    "0x1.1ff606bc95508p-4",
    "0x1.1ff606bc95508p-4",
    "0x1.022986c92319dp-5",
    "0x1.5ec2c16a5acb4p-3",
    "0x1.5ec2c16a5acb4p-3",
    "0x1.5ec2c16a5acb4p-3",
    "0x1.2eb3117c80f3bp-4",
    "0x1.4bd26c65fcb02p-4",
    "0x1.4bd26c65fcb02p-4"
  ],
  "top_dimensional_cells": [
    0.07620241946701771,
    0.1901434695209839,
    0.1901434695209839,
    0.0754265116853734,
    0.0754265116853734,
    0.10091623100731077,
    0.10091623100731077,
    0.07030298835282534,
    0.07030298835282534,
    0.17126990419214894,
    0.17126990419214894,
    0.08101122229690463
  ],
  "top_dimensional_cells_hex": [
    "0x1.38200737ca673p-4",
    "0x1.8569f0791ff23p-3",
    "0x1.8569f0791ff23p-3",
    "0x1.34f26e0f0a680p-4",
    "0x1.34f26e0f0a680p-4",
    "0x1.9d5a567cfddfbp-4",
    "0x1.9d5a567cfddfbp-4",
    "0x1.1ff606bc95508p-4",
    "0x1.1ff606bc95508p-4",
    "0x1.5ec2c16a5acb4p-3",
    "0x1.5ec2c16a5acb4p-3",
    "0x1.4bd26c65fcb02p-4"
  ],
  "vertices": [
    0.07620241946701771,
    0.0720742107655548,
    0.1901434695209839,
    0.04676236508591838,
    0.0754265116853734,
    0.003645231914456938,
    0.10091623100731077,
    0.006830262110764648,
    0.07030298835282534,
    0.03151394200640143,
    0.17126990419214894,
    0.07390124159433935,
    0.08101122229690463
  ],
  "vertices_hex": [
    "0x1.38200737ca673p-4",
    "0x1.273749a1f8173p-4",
    "0x1.8569f0791ff23p-3",
    "0x1.7f13c99748c23p-5",
    "0x1.34f26e0f0a680p-4",
    "0x1.ddc9afb7c569dp-9",
    "0x1.9d5a567cfddfbp-4",
    "0x1.bfa0c8638b27cp-8",
    "0x1.1ff606bc95508p-4",
    "0x1.022986c92319dp-5",
    "0x1.5ec2c16a5acb4p-3",
    "0x1.2eb3117c80f3bp-4",
    "0x1.4bd26c65fcb02p-4"
  ]
}