row,col,value,value_hex
0,0,0.75,0x1.8000000000000p-1
0,1,0.75,0x1.8000000000000p-1
1,0,0.75,0x1.8000000000000p-1
1,1,0.125,0x1.0000000000000p-3
1,2,0.875,0x1.c000000000000p-1
2,1,0.875,0x1.c000000000000p-1
2,2,0.875,0x1.c000000000000p-1
